"Rank","Domain"
"52","youtu.be"
"1580","hln.be"
"2299","www.hln.be"
"3259","geoedge.be"
"3576","google.be"
"4075","vrt.be"
"7065","telenet-ops.be"
"7277","skynet.be"
"7534","com.be"
"7552","nieuwsblad.be"
"8521","dhnet.be"
"8788","kuleuven.be"
"9165","2dehands.be"
"9203","telenet.be"
"9453","sudinfo.be"
"9510","rtbf.be"
"9621","belgium.be"
"9644","sporza.be"
"9998","napoleonsports.be"
"10511","immoweb.be"
"10645","www.google.be"
"11881","ugent.be"
"12859","www.vrt.be"
"12965","www.amazon.com.be"
"13208","www.2dehands.be"
"13213","redlights.be"
"13509","quartier-rouge.be"
"13584","www.dhnet.be"
"13594","www.immoweb.be"
"13857","m.nieuwsblad.be"
"13897","www.sudinfo.be"
"15213","www.quartier-rouge.be"
"15214","www.redlights.be"
"16595","mobilevikings.be"
"16704","lesoir.be"
"16992","rumcdn.geoedge.be"
"18541","fgov.be"
"19111","lalibre.be"
"19669","vlaanderen.be"
"19881","demorgen.be"
"19887","jetengine.be"
"21604","proximus.be"
"21766","gva.be"
"21801","rtl.be"
"22095","gw.geoedge.be"
"23042","2ememain.be"
"23123","logi-technic.be"
"23609","7sur7.be"
"24438","zimmo.be"
"24584","rdcu.be"
"24673","unleashed.be"
"24714","nowjobs.be"
"24812","autoscout24.be"
"24863","napoleongames.be"
"25020","belnet.be"
"25822","smartnews.be"
"26195","zalando.be"
"27368","uclouvain.be"
"27491","nintendo.be"
"27508","standaard.be"
"27571","ulb.ac.be"
"28685","nsset.be"
"28778","blogspot.be"
"29826","www.zalando.be"
"30013","jvanbreda.be"
"30336","redactie24.be"
"31499","www.nieuwsblad.be"
"31972","www.2ememain.be"
"32036","idp.iamfas.belgium.be"
"32139","www.lesoir.be"
"32189","www.rtbf.be"
"32246","fr.zalando.be"
"32255","www.redactie24.be"
"32333","www.demorgen.be"
"32356","www.lalibre.be"
"32438","www.7sur7.be"
"32622","www.rtl.be"
"32681","www.zimmo.be"
"32758","www.autoscout24.be"
"32924","antwerpen.be"
"33037","buienradar.be"
"33413","m.gva.be"
"35386","www.buienradar.be"
"36078","dknadmin.be"
"37071","uliege.be"
"37765","ulg.ac.be"
"38473","belgacom.be"
"38540","orange.be"
"39526","ebay.be"
"40079","scarlet.be"
"40288","tijd.be"
"40559","vub.ac.be"
"41015","brusselsairport.be"
"41602","ing.be"
"42146","dpgmedia.be"
"42690","wallonie.be"
"43183","seld.be"
"43743","newpharma.be"
"45577","brutele.be"
"45582","uantwerpen.be"
"45901","lecho.be"
"45914","monster.be"
"46102","isabel.be"
"46375","knack.be"
"46579","kruidvat.be"
"46621","ucl.ac.be"
"46648","pandora.be"
"47090","hbvl.be"
"47307","voo.be"
"48664","mediahuis.be"
"48984","napoleoncasino.be"
"49964","easyhost.be"
"50553","bnpparibasfortis.be"
"51609","bpost.be"
"52103","billit.be"
"52283","gamma.be"
"52416","coolblue.be"
"52587","vtm.be"
"52983","humo.be"
"53846","kbc.be"
"54275","reserva.be"
"54703","jimmobile.be"
"55198","bioimagingcore.be"
"55205","classy.be"
"55947","vikingdeals.be"
"56042","register.be"
"56335","surfe.be"
"57194","mhtr.be"
"58133","vdab.be"
"58237","meteo.be"
"58713","kinepolis.be"
"59127","amazon.com.be"
"60160","base.be"
"60854","delijn.be"
"61639","mailprotect.be"
"62922","colruyt.be"
"63553","tripadvisor.be"
"64042","tktn.be"
"64199","levif.be"
"66002","fci.be"
"67475","kuleuven.ac.be"
"68158","vtmgo.be"
"68369","nationale-loterij.be"
"69479","waq.be"
"70160","belbone.be"
"70433","ulb.be"
"71016","loterie-nationale.be"
"71426","belgiantrain.be"
"71736","vinted.be"
"71935","napoleondice.be"
"72014","jobat.be"
"73229","collectandgo.be"
"73731","mediamarkt.be"
"73954","belfius.be"
"74074","brico.be"
"74365","torfs.be"
"74434","stib-mivb.be"
"74904","delhaize.be"
"76166","starcasino.be"
"76961","tadaam.be"
"77444","vub.be"
"77635","engie.be"
"77712","vrtcdn.be"
"78381","hubo.be"
"78419","water-link.be"
"78460","bithumen.be"
"78528","tui.be"
"79351","tuifly.be"
"80276","immovlan.be"
"80295","mobistar.be"
"80543","skynetblogs.be"
"80890","standaardboekhandel.be"
"80915","test-aankoop.be"
"81319","irisnet.be"
"82245","hogent.be"
"82888","farmaline.be"
"83450","axa.be"
"84589","vandenborre.be"
"84836","test-achats.be"
"85046","parismatch.be"
"85312","gratisafhalen.be"
"85929","smartschool.be"
"86628","iciparisxl.be"
"86939","lidl.be"
"87289","libelle-lekker.be"
"89362","carrefour.be"
"89891","dreamland.be"
"89982","letec.be"
"90258","made-in.be"
"90612","hoo.be"
"91970","ah.be"
"93541","destiny.be"
"94440","streamz.be"
"95559","rescue.waq.be"
"96515","yt.be"
"96624","argenta.be"
"96752","voetbalnieuws.be"
"97272","laredoute.be"
"98529","rtlplay.be"
"99056","roularta.be"
"99225","uzleuven.be"
"99989","bingel.be"
"100320","zxcs.be"
"101247","named.be"
"101497","walfoot.be"
"101813","quefaire.be"
"101926","meteovista.be"
"102483","voetbal24.be"
"102556","fluvius.be"
"102688","mypension.be"
"103464","companyweb.be"
"103617","yewtu.be"
"104370","nbb.be"
"105628","girogate.be"
"106713","voetbalprimeur.be"
"107501","online-essentials.be"
"107504","openprovider.be"
"107674","mail.telenet.be"
"109462","kiabi.be"
"109649","www.smartnews.be"
"110551","www.tijd.be"
"111127","reference.be"
"111619","www.proximus.be"
"111626","www.standaard.be"
"112052","myprivacy.dpgmedia.be"
"112553","tennisenpadelvlaanderen.be"
"112948","electrodepot.be"
"112953","wrappers.geoedge.be"
"114019","secure.telenet.be"
"114115","ticketmaster.be"
"114219","auvio.rtbf.be"
"114272","www.gva.be"
"114980","circus-casino.be"
"115820","doccle.be"
"115897","www.bnpparibasfortis.be"
"116055","stubru.be"
"116275","www.meteo.be"
"116618","deredactie.be"
"116655","www.vlaanderen.be"
"117424","jysk.be"
"118018","www.vinted.be"
"118222","www.hbvl.be"
"118415","www.vdab.be"
"118681","www.coolblue.be"
"118884","www.mediamarkt.be"
"118988","www.vtmgo.be"
"119183","vivastreet.be"
"119204","www.lecho.be"
"119243","www2.telenet.be"
"119460","meteobelgique.be"
"119605","www.brico.be"
"119862","www.minfin.fgov.be"
"120202","www.engie.be"
"120253","www.kruidvat.be"
"120560","ua.ac.be"
"120777","www.ing.be"
"120956","bancontact-pay.girogate.be"
"121049","www.tripadvisor.be"
"121362","www.libelle-lekker.be"
"121851","www.colruyt.be"
"121946","www.tui.be"
"122127","www.streamz.be"
"122278","www.vandenborre.be"
"122522","www.stib-mivb.be"
"122596","www.tuifly.be"
"122913","www.bingel.be"
"123351","eurotierce.be"
"123662","delen.be"
"123937","www.lidl.be"
"124188","www.farmaline.be"
"124236","www.nationale-loterij.be"
"124452","www.mypension.be"
"124573","www.ah.be"
"124641","www.voetbal24.be"
"124721","fr.tripadvisor.be"
"124872","www.delijn.be"
"125116","www.meteovista.be"
"125122","m.standaard.be"
"125434","www.collectandgo.be"
"125560","www.newpharma.be"
"125627","www.gamma.be"
"125791","wielerkrant.be"
"125976","www.companyweb.be"
"126154","www.made-in.be"
"126258","www.voetbalnieuws.be"
"126353","www.hubo.be"
"126699","www.carrefour.be"
"126820","footnews.be"
"126977","www.loterie-nationale.be"
"126979","www.befr.ebay.be"
"127011","www.humo.be"
"127077","www.standaardboekhandel.be"
"127113","my.billit.be"
"127228","www.dreamland.be"
"127561","www.parismatch.be"
"127789","www.torfs.be"
"128236","www.laredoute.be"
"128329","www.brusselsairport.be"
"128406","www.rtlplay.be"
"128463","toledo.kuleuven.be"
"128644","m.hbvl.be"
"128941","oma.be"
"129200","ufora.ugent.be"
"129246","www.orange.be"
"129878","www.kuleuven.be"
"130752","www.electrodepot.be"
"133399","www.quefaire.be"
"133411","chamilo.hogent.be"
"136558","m.eurotierce.be"
"137161","moodle.uclouvain.be"
"140349","www.circus-casino.be"
"141090","www.footnews.be"
"141864","www.kiabi.be"
"144265","www.vivastreet.be"
"144298","www.walfoot.be"
"144338","www.wielerkrant.be"
"144835","www.letec.be"
"145900","www.tennisenpadelvlaanderen.be"
"146084","dyson.be"
"146784","www.meteobelgique.be"
"148921","www.voetbalprimeur.be"
"149055","deliveroo.be"
"149401","casino777.be"
"149682","vito.be"
"153612","scartech.be"
"153887","bozar.be"
"154948","rgfstaffing.be"
"155825","socialsecurity.be"
"155964","uhasselt.be"
"156330","ketnet.be"
"157115","cfwb.be"
"157680","easynet.be"
"158148","uzbrussel.be"
"158393","royalcanin.be"
"158683","bitdefender.be"
"159291","zooplus.be"
"160034","diplomatie.be"
"160857","easybytes.be"
"161106","unamur.be"
"161124","gent.be"
"161294","africamuseum.be"
"161325","prato.be"
"161946","devrandom.be"
"161985","outspot.be"
"162332","nextel.be"
"163850","goplay.be"
"164354","xs4all.be"
"164466","acea.be"
"164483","flair.be"
"166030","medialaancdn.be"
"166372","wai-not.be"
"166500","jobsaudietron.be"
"167372","dcube-resource.be"
"167485","ipinfo.be"
"169188","businessam.be"
"169368","eniris.be"
"169957","cm.be"
"170732","dns.be"
"171244","radio1.be"
"171583","1platform.be"
"171599","synchrone.be"
"171703","fnac.be"
"172187","edpnet.be"
"172273","info-coronavirus.be"
"173871","startpeople.be"
"174245","mediafin.be"
"174944","brf.be"
"175476","imec.be"
"177569","seniorennet.be"
"177650","nscluster.be"
"178344","cronos.be"
"178395","elle.be"
"178583","accentjobs.be"
"180448","gocar.be"
"180563","leforem.be"
"183125","effix.be"
"183317","socialdeal.be"
"183404","elia.be"
"183932","unibet.be"
"184016","bwin.be"
"185160","cinenews.be"
"185241","zalando-lounge.be"
"185326","ladbrokes.be"
"186575","eventbrite.be"
"187747","zuny.be"
"187922","a51.be"
"188598","nucleus.be"
"188792","bankvanbreda.be"
"189239","ac.be"
"189316","megatix.be"
"190810","youtube.be"
"192085","stape.be"
"192271","pudu.be"
"192960","krefel.be"
"193061","debijenkorf.be"
"193203","win.be"
"193705","kw.be"
"194274","luminus.be"
"195334","moniteurautomobile.be"
"195402","itsme.be"
"196647","2is.be"
"196895","burgerprofiel.be"
"196963","jessazh.be"
"196971","vrtnieuws.be"
"198647","sterkinjeschoenen.be"
"199247","zoomit.be"
"199343","bruzz.be"
"199716","upbitit.be"
"200337","klara.be"
"201247","jbc.be"
"201315","radio2.be"
"201434","rosserial.be"
"202281","ethias.be"
"202719","qmusic.be"
"203407","excha.be"
"204057","anwap.be"
"204316","internationalrecruitment.be"
"204597","privacycommission.be"
"205712","tec.be"
"205841","circus.be"
"206060","zeb.be"
"206472","vliz.be"
"206680","gegevensbeschermingsautoriteit.be"
"206708","namur.be"
"206735","benesol.be"
"207357","qaz6.be"
"208152","cegeka.be"
"208637","postnl.be"
"208642","usgprofessionals.be"
"208671","werkenbijcoolblue.be"
"210122","immoscoop.be"
"211457","rug.ac.be"
"211534","aviation24.be"
"211633","bruxelles.be"
"211638","umons.ac.be"
"212072","stepstone.be"
"212135","waarnemingen.be"
"212265","pipa.be"
"213021","metrotime.be"
"213680","tochat.be"
"213998","kbs-frb.be"
"216094","brussels.be"
"217096","brugge.be"
"217965","beobank.be"
"219058","bmw.be"
"219063","rossel.be"
"219183","autogids.be"
"219345","jiotv.be"
"219507","start2work.be"
"219717","inmemoriam.be"
"219775","beursduivel.be"
"220256","protect.geoedge.be"
"220304","belgianrail.be"
"220450","klasse.be"
"220633","fsma.be"
"220763","partenamut.be"
"220785","spaargids.be"
"221006","fediap.be"
"221122","vib.be"
"221127","solidaris-vlaanderen.be"
"221903","belgie.be"
"222013","deutschebank.be"
"222758","nrb.be"
"223608","fine-arts-museum.be"
"223661","smbgames.be"
"223778","belgianhosting.be"
"223914","natuurpunt.be"
"224970","rambla.be"
"225854","login.dpgmedia.be"
"225882","smartbit.be"
"226602","dnsbelgium.be"
"226957","doctoranytime.be"
"227534","mnm.be"
"228271","impermo.be"
"228600","helan.be"
"228892","viamichelin.be"
"229064","progenda.be"
"229281","uwatchfree.be"
"229558","sunweb.be"
"229968","naturalsciences.be"
"230116","kbr.be"
"230211","kinamo.be"
"230595","tuna.be"
"230763","bibliotheek.be"
"230795","unix-solutions.be"
"230839","bpost4me.be"
"231088","smartphoto.be"
"231479","www.jobat.be"
"231664","mathiasbynens.be"
"232365","vlaio.be"
"232440","xerius.be"
"233224","dreambaby.be"
"234122","howest.be"
"235000","justonweb.be"
"235293","era.be"
"235539","synergiejobs.be"
"236164","mechelen.be"
"236213","cebeo.be"
"236748","visitbruges.be"
"236765","veritas.be"
"237552","airbnb.be"
"237781","realo.be"
"237934","cblue.be"
"238149","weba.be"
"238241","actito.be"
"238852","mcdonalds.be"
"238866","een.be"
"239568","doctena.be"
"239946","pickx.be"
"240415","corendon.be"
"241159","resto.be"
"241313","unique.be"
"242255","cofidis.be"
"242792","enviedeplus.be"
"242977","werkenbijsynergie.be"
"243134","e5.be"
"243255","dela.be"
"243736","as-s.be"
"243758","bx1.be"
"243970","www.belfius.be"
"244476","belgique.be"
"244586","bloggen.be"
"244773","acbpost.be"
"244924","vidaxl.be"
"245315","afspraakjes.be"
"245477","fintro.be"
"246447","plangrid.be"
"247215","uniqueselect.be"
"247221","zol.be"
"247768","www.burgerprofiel.be"
"248295","anderlecht-online.be"
"248425","lannoo.be"
"249081","cardoen.be"
"249492","transfermarkt.be"
"250106","ava.be"
"250473","rbfa.be"
"250558","autoriteprotectiondonnees.be"
"251278","bankdekremer.be"
"251814","winlin-net.be"
"251873","acerta.be"
"251903","addrelevance.be"
"252093","etnic.be"
"253246","pom.be"
"253659","economie.fgov.be"
"254230","mygls.be"
"254368","pelckmansportaal.be"
"254522","lachainemeteo.be"
"254969","mondialrelay.be"
"254985","2link.be"
"255350","notino.be"
"255941","fruugo.be"
"256369","abconcerts.be"
"256551","mo.be"
"256566","solvus.be"
"257400","showroomprive.be"
"257433","bonprix-fl.be"
"257483","nameservers.be"
"257830","arch.be"
"258255","bonprix-wa.be"
"258422","onlc.be"
"258642","cu.be"
"259124","i-golf.be"
"259896","itg.be"
"260160","adidas.be"
"260534","aginsurance.be"
"260721","gezondheid.be"
"261176","ucll.be"
"261472","webhosting.be"
"261569","c-point.be"
"261907","ebanking.ing.be"
"262292","vanbredaimmoconsult.be"
"262527","tempo-team.be"
"263057","mon-programme-tv.be"
"263648","internetgazet.be"
"265982","dagelijksekost.vrt.be"
"266189","ping.be"
"266212","leuven.be"
"267332","immowebstatic.be"
"267731","clicpublic.be"
"268964","blancheporte.be"
"269536","www.bpost.be"
"269792","www.smbgames.be"
"270064","sappilanakenjobs.be"
"270303","www.inmemoriam.be"
"271170","ehb.be"
"271211","ocmw-info-cpas.be"
"271311","unibetsports.be"
"271750","westsite.be"
"272914","finances.belgium.be"
"272919","career.be"
"273089","hellofresh.be"
"273257","brightplus.be"
"273289","www.kbc.be"
"273413","www.goplay.be"
"273593","bookingexperts.be"
"273620","atomium.be"
"274965","futureweb.be"
"274979","financien.belgium.be"
"275201","www.delhaize.be"
"275320","www.argenta.be"
"275522","computermeester.be"
"276119","decathlon.be"
"276523","mediahuisvideo.be"
"276898","123inkt.be"
"277059","intermarche.be"
"277346","my.partenamut.be"
"277507","gratisrijbewijsonline.be"
"277852","openbare-verkopen.be"
"278029","ibz.be"
"278593","cozo.be"
"278743","safeonweb.be"
"278927","www.zalando-lounge.be"
"279090","beyondgaming.be"
"280165","basalte.be"
"280683","www.jbc.be"
"280935","www.beursduivel.be"
"281002","www.cinenews.be"
"281035","aftt.be"
"281270","www.socialsecurity.be"
"281341","3cx.be"
"281372","www.belgium.be"
"281669","www.mon-programme-tv.be"
"281704","www.spaargids.be"
"281752","idp.kuleuven.be"
"281917","openminds.be"
"282068","mycitizenebox.belgium.be"
"282164","www.krefel.be"
"282200","id.doccle.be"
"282381","online.beobank.be"
"282425","weerwoord.be"
"283545","dn-s.be"
"283609","public-sourcing.be"
"283798","www.realo.be"
"284016","digitalewachtkamer.be"
"284669","tri.be"
"284845","ttias.be"
"285025","uza.be"
"286223","uv.ulb.ac.be"
"287048","www.ticketmaster.be"
"287537","www.immoscoop.be"
"287682","clubbrugge.be"
"287839","start.be"
"288186","sosoir.lesoir.be"
"288524","portima.be"
"288592","rsca.be"
"288667","thomasmore.be"
"289161","easybankingbusiness.bnpparibasfortis.be"
"289371","kdg.be"
"289381","spa-francorchamps.be"
"290237","proximustv.be"
"290495","www.scarlet.be"
"290577","www.knack.be"
"290686","www.leforem.be"
"290842","www.clicpublic.be"
"291037","jouw.postnl.be"
"291280","www.smartphoto.be"
"291392","www.sunweb.be"
"291728","www.fr.fnac.be"
"291950","www.cebeo.be"
"292059","stamnummer3.be"
"292271","www.test-aankoop.be"
"292749","oauth.smartschool.be"
"292919","www.zooplus.be"
"293149","static-rmg.be"
"293262","www.ugent.be"
"293284","www.benl.ebay.be"
"293318","bpost-startpeople.be"
"293729","www.weba.be"
"293789","www.ethias.be"
"293797","api.ehealth.fgov.be"
"293903","zininmeer.be"
"293927","online.be"
"294175","www.cm.be"
"294206","mijnmagazines.be"
"294491","www.flair.be"
"294633","soirmag.lesoir.be"
"294673","adopteereendier.be"
"294934","hostingcp.be"
"295096","nl.unibetsports.be"
"295156","www.test-achats.be"
"295205","mijn.fluvius.be"
"295486","www.debijenkorf.be"
"295700","www.pelckmansportaal.be"
"295753","www.prd.base.be"
"295974","unibetcasino.be"
"296775","www.lachainemeteo.be"
"297152","uzgent.be"
"297270","www.notino.be"
"297371","interhostsolutions.be"
"297822","www.socialdeal.be"
"297894","www.zeb.be"
"297942","www.mondialrelay.be"
"297968","www.computermeester.be"
"297981","www.dreambaby.be"
"298002","nexatv.be"
"298034","www.antwerpen.be"
"298169","www.fruugo.be"
"298399","api.jetengine.be"
"298468","cloudns.be"
"298916","exactonline.be"
"299294","www.e5.be"
"299645","mijn.helan.be"
"299754","www.fluvius.be"
"299772","enaos.be"
"299789","www.enaos.be"
"299934","www.moniteurautomobile.be"
"300191","hu-production.be"
"300476","fr.zalando-lounge.be"
"300572","www.ava.be"
"300616","travaillerchezcoolblue.be"
"300631","www.doctoranytime.be"
"300976","br-performance.be"
"301062","vttl.be"
"301119","www.bonprix-fl.be"
"301350","www.internetgazet.be"
"301359","wibra.be"
"301524","www.openbare-verkopen.be"
"301527","www.cardoen.be"
"301738","www.unibet.be"
"301840","www.123inkt.be"
"301916","www.solidaris-vlaanderen.be"
"301933","www.era.be"
"302031","zeturf.be"
"302089","www.stepstone.be"
"302697","www.stamnummer3.be"
"302817","www.bwin.be"
"302834","www.autogids.be"
"302876","www.wibra.be"
"303124","wico.smartschool.be"
"303270","app.pom.be"
"303327","www.mcdonalds.be"
"303563","banksys.be"
"303703","www.ulb.be"
"303967","afspraken.doctena.be"
"304433","apps.cozo.be"
"305394","chiens-chats.be"
"305583","competitie.vttl.be"
"306641","examen.gratisrijbewijsonline.be"
"306920","fr.unibetcasino.be"
"306921","fr.unibetsports.be"
"307560","idp.uliege.be"
"307988","kamsekeren.smartschool.be"
"308025","kaz-sgr20.smartschool.be"
"308718","m.fr.showroomprive.be"
"309845","nl.unibetcasino.be"
"309999","old.quartier-rouge.be"
"310001","old.redlights.be"
"310365","permisdeconduire-online.be"
"311032","regioswingers.be"
"311065","resultats.aftt.be"
"311948","smcs.smartschool.be"
"312920","uwkringding.be"
"313054","visaonweb.diplomatie.be"
"313529","www.adopteereendier.be"
"313553","www.afspraakjes.be"
"314160","www.beyondgaming.be"
"314239","www.blancheporte.be"
"314295","www.bonprix-wa.be"
"314331","www.br-performance.be"
"314518","www.casino777.be"
"314607","www.chiens-chats.be"
"314658","www.circus.be"
"314747","www.cofidis.be"
"314815","www.corendon.be"
"315002","www.dela.be"
"315080","www.digitalewachtkamer.be"
"315527","www.eurotierce.be"
"316073","www.gratisrijbewijsonline.be"
"316347","www.i-golf.be"
"316508","www.intermarche.be"
"316971","www.ladbrokes.be"
"318329","www.permisdeconduire-online.be"
"318782","www.regioswingers.be"
"320163","www.uwkringding.be"
"320220","www.veritas.be"
"320391","www.weerwoord.be"
"320630","www.zeturf.be"
"321294","persgroep.be"
"321615","fr.viamichelin.be"
"321698","onroerenderfgoed.be"
"321747","sport.be"
"321899","mijnenergie.be"
"322043","sciensano.be"
"322094","jazzguitar.be"
"322220","www.elle.be"
"322610","mazout-on-line.be"
"322871","yeloplay.be"
"322995","proximedia.be"
"324067","customerjobsorange.be"
"324244","secure.luminus.be"
"324633","www.vub.be"
"324790","www.fintro.be"
"325471","rodekruis.be"
"325805","onderwijsaanbod.kuleuven.be"
"325826","eshop.orange.be"
"326385","jobsbiopharma.be"
"327174","auth.ulb.be"
"327805","elo.ritacollege.be"
"328163","heilig-hartcollege.smartschool.be"
"328923","my.uliege.be"
"329513","ritacollege.be"
"329524","rops-online.be"
"330446","www.anderlecht-online.be"
"331273","www.mazout-on-line.be"
"331508","www.pipa.be"
"331609","www.rops-online.be"
"331840","www.transfermarkt.be"
"332759","uniweb.be"
"332934","aboutyou.be"
"332969","hostedns.be"
"333327","jongkeukengeweld.be"
"333824","inno.be"
"334141","www.mil.be"
"337421","libelle.be"
"337783","police.be"
"337834","siteffect.be"
"337857","scratchmaniacasino.be"
"338063","provincedeliege.be"
"338354","odisee.be"
"338860","livios.be"
"338912","shared.mediahuis.be"
"340833","webnode.be"
"340978","dewereldmorgen.be"
"341131","tophosting.be"
"341232","belspo.be"
"341451","newsmonkey.be"
"341532","vi.be"
"342050","uitinvlaanderen.be"
"342903","superprof.be"
"343223","ap.be"
"343515","rockwerchter.be"
"343571","anagramme.be"
"345327","winoramacasino.be"
"345645","enseignement.be"
"345747","cadelam.be"
"346009","kindengezin.be"
"346367","yukiworks.be"
"346595","mas.be"
"348175","b-rail.be"
"349657","pokerstars.be"
"351707","scratchmania-casino.be"
"352391","atone.be"
"352776","veepee.be"
"353385","belfla.be"
"354621","fundp.ac.be"
"355298","monarchie.be"
"355603","liege.be"
"355722","stbpost.be"
"356304","liantis.be"
"356328","nexuzhealth.be"
"356379","winorama-casino.be"
"356546","streetvanners.be"
"357614","notaris.be"
"357723","developpez.be"
"358273","spatie.be"
"358480","cytu.be"
"358648","canvas.be"
"359546","mail.be"
"359828","vroom.be"
"360262","vgc.be"
"360379","mdwx.be"
"360436","e-gor.be"
"361120","vab.be"
"361733","sipa.be"
"361953","siovps.be"
"364278","vives.be"
"364444","eua.be"
"364664","mijnwater-link.be"
"365615","vanpraet.be"
"366507","plainesdelescaut.be"
"366533","moustique.be"
"366566","n-va.be"
"366593","crelan.be"
"367152","idnet.be"
"367253","voys.be"
"367859","belga.be"
"368784","touring.be"
"369724","qr1.be"
"369861","bobbejaanland.be"
"370220","kerknet.be"
"370377","natuurenbos.be"
"371188","bcfi.be"
"372728","focus-wtv.be"
"372933","kmska.be"
"373050","vlan.be"
"373235","vans.be"
"374262","cbc.be"
"374377","expedia.be"
"374716","oost-vlaanderen.be"
"376010","landbouwleven.be"
"376594","peeters-leuven.be"
"376815","wdvstudios.be"
"377281","gezondleven.be"
"377359","zooantwerpen.be"
"377833","sdds.be"
"378614","domainmasters.be"
"378817","evonet.be"
"379000","ns5.be"
"380348","gsmarkets.be"
"381784","politie.be"
"381892","videlec.be"
"383146","mijnserver.be"
"383321","provincieantwerpen.be"
"383382","kwsdose.be"
"383606","fpms.ac.be"
"384017","foxconcept.be"
"384546","introlution.be"
"385067","playuzleuven.be"
"385474","dekamer.be"
"386157","jouwweb.be"
"386439","interconnect-dns.be"
"386467","epowerhr.be"
"386754","monenergie.be"
"386893","sltv.be"
"386938","edenred.be"
"387442","trustteam.be"
"388989","betfirstcasino.be"
"390180","lachambre.be"
"390398","dmcloud.be"
"390983","zahia.be"
"391717","willux.be"
"392519","syncu.be"
"392832","botanique.be"
"393613","myown.be"
"394473","post.be"
"395826","notaire.be"
"396137","keurigonline.be"
"397414","crickfree.be"
"397643","ioncu.be"
"398071","voka.be"
"399265","kortrijk.be"
"399990","mynexuz.be"
"400443","emdat.be"
"401172","westernunion.be"
"401403","eneco.be"
"401880","zita.be"
"403788","alternate.be"
"404962","leenbakker.be"
"406766","tvl.be"
"407406","synergieconstruct.be"
"408310","viata.be"
"409199","xdns.be"
"409248","tiscali.be"
"410686","honet.be"
"415054","ethera.be"
"415511","oni.be"
"416964","bpost2.be"
"417147","goudengids.be"
"417764","quick.be"
"417785","plopsa.be"
"417858","securex.be"
"418651","vreg.be"
"418672","priorweb.be"
"418701","maxmailing.be"
"418989","gezondheidenwetenschap.be"
"419259","p4x.be"
"419510","telenettv.be"
"421092","kaagent.be"
"421181","netcat.be"
"421965","dewarmsteweek.be"
"422026","aldi.be"
"422275","creations-group.be"
"422330","2cool2.be"
"423057","maehdros.be"
"423275","verkeerscentrum.be"
"423515","warnerbros.be"
"423707","dplanaiddev.be"
"423734","beetechapi.be"
"424140","vanin.be"
"424521","zabun.be"
"425429","walibi.be"
"425578","meetic.be"
"426036","pxl.be"
"426108","visitwallonia.be"
"426871","muppetsauderghem.be"
"427526","luxevastgoed.be"
"428648","joe.be"
"428826","philips.be"
"429603","expressmedical.be"
"430084","kikirpa.be"
"430125","timberland.be"
"430237","ucm.be"
"430418","auto5.be"
"430728","infrabel.be"
"431166","sodexo.be"
"431747","mons.be"
"432297","cbws.be"
"432356","nissan.be"
"432679","mch.be"
"432764","telenethotspot.be"
"432990","west-vlaanderen.be"
"433501","fotostulens.be"
"435480","stuart.be"
"435494","retaildetail.be"
"435649","visitantwerpen.be"
"436259","ns-a-trade.be"
"437065","ipc.be"
"437555","chronorace.be"
"437911","agfa.be"
"438250","unizo.be"
"438276","swing.be"
"439054","servicehosting.be"
"439867","hobbyschuurtje-webwinkel.be"
"441008","keytradebank.be"
"441212","recreatex.be"
"441476","agoria.be"
"443091","vlaamsparlement.be"
"443738","wittegids.be"
"444224","bosa.be"
"444301","groupon.be"
"445447","puurconfituur.be"
"445786","connections.be"
"446029","yelo.be"
"446063","mercedes-benz.be"
"446695","bongo.be"
"447239","conrad.be"
"448456","bet777.be"
"448476","sdworx.be"
"448582","crew4crew.be"
"449318","login.vrt.be"
"449650","ontwerpbureaudries.be"
"450298","nascholing.be"
"450559","thereport.be"
"451582","houthandeldesmet.be"
"451622","helmo.be"
"451718","xooit.be"
"451786","dvkhosting.be"
"451877","ardennes-etape.be"
"452470","apotheek.be"
"452872","ns53.be"
"454251","madshrimps.be"
"454409","industrialit.be"
"454932","try.be"
"454997","groups.be"
"455941","cipal.be"
"455980","altstudio.be"
"456141","krcgenk.be"
"456246","acdgl.be"
"456603","bruneau.be"
"457458","sarenza.be"
"457471","grotte-de-han.be"
"457587","jdsports.be"
"457789","citobi.be"
"457903","compra.be"
"458388","douglas.be"
"458398","procor.be"
"458697","pmg.be"
"458819","standard.be"
"458954","ecoconso.be"
"459083","absturztau.be"
"459670","bouwteamp-o.be"
"459720","interhost.be"
"460241","omoda.be"
"460390","q82.be"
"460561","techpulse.be"
"461524","wwf.be"
"461898","vtwonen.be"
"462118","napapijri.be"
"462656","pukkelpop.be"
"462690","tuinadvies.be"
"464332","filmfestival.be"
"464473","doorbraak.be"
"464553","reisroutes.be"
"465387","886.be"
"465404","jezofficial.be"
"465918","img.nieuwsblad.be"
"466433","emob.be"
"467428","plopsalanddepanne.be"
"467910","visa.be"
"468359","sportpaleis.be"
"468399","netsystem.be"
"468851","desitv.be"
"468998","c.vrt.be"
"469019","uba.be"
"469545","vandenbroele.be"
"469633","brussel.be"
"469735","images.vrt.be"
"470018","glassdoor.be"
"470516","femmesdaujourdhui.be"
"470798","visitoostende.be"
"470878","senate.be"
"470939","topradio.be"
"471012","saintluc.be"
"471274","sd.be"
"472335","camer.be"
"472495","hema.be"
"472824","orval.be"
"472860","arteveldehogeschool.be"
"473915","mediclaim.be"
"474889","econoweb.be"
"475215","starbucks.be"
"475672","lamonnaiedemunt.be"
"476156","wegenenverkeer.be"
"476382","bobex.be"
"476608","trooper.be"
"476659","energiesparen.be"
"476701","federation-wallonie-bruxelles.be"
"476732","rtv.be"
"476816","fid-manager.be"
"476879","hotelverlooy.be"
"476959","dstny.be"
"477115","bellewaerde.be"
"477879","clint.be"
"477889","bel-bo.be"
"479319","degy.be"
"479429","amendesroutieres.be"
"479616","triple.be"
"480252","sckcen.be"
"480949","ech.be"
"481313","bolero.be"
"481317","linuxsystems.be"
"481692","hostyou4ever.be"
"481991","amnesty.be"
"482126","bbforum.be"
"482437","vmm.be"
"483022","toyota.be"
"483800","prodh-tmg.mhtr.be"
"483889","vrtnws.be"
"484537","digikey.be"
"484661","gettyimages.be"
"484686","baracenter.be"
"484979","vanbredacarfinance.be"
"485425","bkm.be"
"486615","neckermann.be"
"486812","prod-tmg.mhtr.be"
"486917","eb.be"
"487324","mc.be"
"487727","schoenentorfs.be"
"488005","bellerose.be"
"488500","livenation.be"
"488912","chupmb.be"
"489314","hellobank.be"
"489502","dkv.be"
"489759","randstad.be"
"490352","graspop.be"
"490631","hasselt.be"
"491144","visitlimburg.be"
"492607","valid.be"
"492776","uvcw.be"
"493066","vlaamsbrabant.be"
"493455","clearfacts.be"
"494430","zoe-beauty.be"
"494451","werkenbijgamma.be"
"494492","audi.be"
"494763","auctionport.be"
"495912","renault.be"
"496681","antp.be"
"497028","sandyou.be"
"497565","level27.be"
"497608","lameuse.be"
"497739","innotec-industrie.be"
"497767","handelsgids.be"
"498630","mydatacloud.be"
"498989","vacancesweb.be"
"499184","interparking.be"
"499738","meesens.be"
"499814","oostende.be"
"499991","hostedby.be"
"500450","slimnaarantwerpen.be"
"500683","uunet.be"
"500952","zorg-en-gezondheid.be"
"501043","lekkervanbijons.be"
"501782","y2u.be"
"501924","monizze.be"
"501953","hortamuseum.be"
"502057","salonkee.be"
"502074","mil.be"
"502261","notele.be"
"503000","nagelmackers.be"
"504861","yves-rocher.be"
"504909","ebusiness.be"
"505239","onderwijskiezer.be"
"505400","sidc.be"
"506702","totalenergies.be"
"508101","c2yweb.be"
"508288","msf-azg.be"
"508787","maes-media.be"
"509331","manutan.be"
"509762","thebulletin.be"
"510091","geopunt.be"
"511256","ares-ac.be"
"511588","contentserver.be"
"512050","shop.nieuwsblad.be"
"512672","eid.belgium.be"
"512932","kbcbrussels.be"
"513033","dewatergroep.be"
"513419","kwantum.be"
"513986","knokke-heist.be"
"514126","favv-afsca.be"
"515563","rva.be"
"516131","siep.be"
"516444","belsign.be"
"516807","syntrawest.be"
"517027","zmk.be"
"517315","advocaat.be"
"517640","vikinglab.be"
"517663","crash-storage.waq.be"
"518281","vznkul.be"
"518859","kapaza.be"
"519159","iranian.be"
"520002","bene.be"
"520101","onem.be"
"521195","hetacv.be"
"521223","benefitsatwork.be"
"521384","redbird.be"
"521533","vlm.be"
"521769","goldenpalace.be"
"521855","asp.be"
"522963","vilt.be"
"523658","enabel.be"
"523817","utick.be"
"523881","hollandandbarrett.be"
"524657","concertgebouw.be"
"525135","waterstoring.be"
"525851","vanbreda.be"
"525943","virit.be"
"526513","cdenv.be"
"526617","lecot.be"
"527172","cora.be"
"527674","scoutnet.be"
"527835","synergiecareers.be"
"528156","rosa.be"
"528692","wielerflits.be"
"528756","flows.be"
"529478","sint-niklaas.be"
"529781","be2concept.be"
"530593","pagesdor.be"
"531573","chirec.be"
"533186","bricozone.be"
"533283","tuinvandecruys.be"
"533432","votreamende.be"
"534324","taurix.be"
"534612","kluwer.be"
"534940","nostalgie.be"
"536127","ores.be"
"536257","publicprocurement.be"
"536269","ultratop.be"
"536774","tv-vlaanderen.be"
"537979","croix-rouge.be"
"538259","trivago.be"
"538346","x2o.be"
"538673","partena-professional.be"
"538919","one.be"
"539148","publihost.be"
"539290","adecco.be"
"540166","tvlux.be"
"540788","milieuinfo.be"
"541251","ziekenhuisschool.be"
"541684","vaph.be"
"541887","beslist.be"
"541891","medi-market.be"
"541953","muhka.be"
"543405","my3cx.be"
"543879","di.be"
"544687","volkswagen.be"
"545870","immowebapi.be"
"546638","aveve.be"
"547489","adminpulse.be"
"547744","jika.be"
"548226","helha.be"
"548334","eboxenterprise.be"
"549075","spinternet.be"
"549727","euphonynet.be"
"550036","bouwinfo.be"
"550395","pelckmans.be"
"550536","xiaojiadianmovie.be"
"550968","lowi.eniris.be"
"551312","out.be"
"552320","vergelijk.be"
"552481","tennisvlaanderen.be"
"552951","autofans.be"
"552977","exellent.be"
"553305","amicum.be"
"555135","vente-unique.be"
"555265","versio.be"
"556108","facq.be"
"557079","condorcet.be"
"557486","charleroi.be"
"557520","guidesocial.be"
"559199","pearle.be"
"559282","immoproxio.be"
"560277","megabyte.be"
"560371","hainaut.be"
"560741","hs-online.be"
"560855","vistaprint.be"
"560989","caw.be"
"561068","traveldeal.be"
"561320","momu.be"
"561477","albelli.be"
"561613","aanbod.be"
"562059","ifapme.be"
"562102","wikifin.be"
"562188","conchology.be"
"562262","stihl.be"
"563461","kamera-express.be"
"564260","thefork.be"
"564810","rma.ac.be"
"565018","myedenred.be"
"565582","hunkemoller.be"
"565607","webherodns.be"
"565645","komoptegenkanker.be"
"565665","sw.be"
"566093","costa-coffee.be"
"567158","ooidonk.be"
"567396","kaartje2go.be"
"567519","theo.be"
"568283","drawnames.be"
"568334","passionsante.be"
"568984","gigaweb.be"
"569348","ibgebim.be"
"570040","newsclip.be"
"570076","cheaptickets.be"
"570270","cantillon.be"
"570588","myebox.be"
"571172","bmgroup.be"
"572009","skins.be"
"572472","autosecurite.be"
"573050","trustlocal.be"
"573085","scoodle.be"
"573217","dataprotectionauthority.be"
"574142","q8.be"
"574610","eksternest.be"
"574739","peugeot.be"
"575291","cathobel.be"
"575779","bax-shop.be"
"575934","egmontinstitute.be"
"575982","betv.be"
"576665","assist.be"
"576964","coreinfra.be"
"577840","ost-consulting.be"
"578384","express.be"
"579104","dnszones.be"
"579223","kabas.be"
"579501","lemonlive.be"
"579522","vinci.be"
"579551","buildwise.be"
"580513","casinobelgium.be"
"580538","verkeersboeten.be"
"581024","mr-bricolage.be"
"581066","goldenvegas.be"
"581077","onlyweb.be"
"582121","vakantieveilingen.be"
"582950","napoleonsportsandcasino.be"
"583201","rabobank.be"
"583223","jaspervdj.be"
"583375","imio.be"
"583386","radiocontact.be"
"583765","mess.be"
"583808","epicurien.be"
"583952","aeg.be"
"584111","appoint.be"
"584174","mediamates.be"
"585584","arbor-tech.be"
"585688","iclub.be"
"585913","robtv.be"
"586060","kieskeurig.be"
"586196","wicecloud.be"
"586489","telesambre.be"
"587837","ugc.be"
"587968","baloise.be"
"588096","student.be"
"588281","uwboete.be"
"589629","feeling.be"
"589631","yelp.be"
"590637","imelda.be"
"591052","tvoost.be"
"591187","uit.be"
"591992","ormed2.be"
"593058","ecolo.be"
"593278","damart.be"
"593388","allesoverseks.be"
"593691","biddit.be"
"594017","desco.be"
"594410","autodoc.be"
"594629","msf.be"
"594827","heylenvastgoed.be"
"595211","eldi.be"
"595517","sabam.be"
"595623","statics.hln.be"
"595894","sygmanet.be"
"596573","toychamp.be"
"596724","smak.be"
"596925","brucity.be"
"597889","stdio.be"
"598232","x-plose.be"
"598567","dhlparcel.be"
"598956","pathe.be"
"599887","farys.be"
"601272","fietsknooppunt.be"
"601646","kinepolis-studio.be"
"601901","allianz.be"
"602356","sleepworld.be"
"602376","derichebourg-belgie.be"
"602483","halvemaan.be"
"602557","belvilla.be"
"602605","miele.be"
"602684","cookidoo.be"
"603110","eizo.be"
"603579","spartoo.be"
"604096","leparking.be"
"604100","attentia.be"
"604241","temptation.hln.be"
"604525","solucious.be"
"605122","dolce-gusto.be"
"605491","dominos.be"
"605911","hansanders.be"
"606000","chuliege.be"
"606162","pharmamarket.be"
"606647","ephec.be"
"606671","nrj.be"
"607108","museumpassmusees.be"
"607344","lacsc.be"
"609157","maxizoo.be"
"609181","syntegro.be"
"610015","samenferm.be"
"610294","okay.be"
"610560","swde.be"
"610590","citroen.be"
"610845","t.hln.be"
"610868","tvvisie.be"
"611197","references.be"
"611537","zooplanckendael.be"
"612218","matele.be"
"612386","multipharma.be"
"612422","magicwins.be"
"612899","tinycluster.be"
"613031","samenfittorfs.be"
"613213","websolid.be"
"613913","lacitedesnuages.be"
"614341","e-business.be"
"614486","auto-doc.be"
"616785","pharmacie.be"
"617471","footlocker.be"
"617972","app.easybanking.bnpparibasfortis.be"
"618258","siemens.be"
"618607","ebrand.be"
"618664","voetbalbelgie.be"
"619746","vikingdirect.be"
"619808","ag.be"
"620142","henallux.be"
"620239","gaultmillau.be"
"620600","libis.be"
"620731","sempris.be"
"620852","spiritduck.be"
"621762","renmans.be"
"622144","operaballet.be"
"622953","smartoys.be"
"622966","icts.kuleuven.be"
"623683","belfiusdirect.be"
"624555","kurtroggen.be"
"624565","peppermillcasino.be"
"624570","wiv-isp.be"
"625091","chase.be"
"625346","cambio.be"
"625498","sclera.be"
"625575","sport-adeps.be"
"626270","wbi.be"
"626334","rexel.be"
"626550","name-server.be"
"626556","hebergement.be"
"627306","deroma.be"
"628096","login.hln.be"
"628755","vakantiediscounter.be"
"629130","derichebourgbelgium.be"
"629269","ford.be"
"629612","derichebourg-belgique.be"
"629779","scooore.be"
"629842","dansendeberen.be"
"629849","promojagers.be"
"630268","9lives.be"
"630737","pwc.be"
"631779","virtio.be"
"631984","ibeauty.be"
"632234","mtc-it4.be"
"632553","brusselsmuseums.be"
"633863","mediris.be"
"634287","azdelta.be"
"634487","parfumdreams.be"
"634926","vavabid.be"
"635032","gamerz.be"
"635052","sawiday.be"
"635256","apache.be"
"636113","pg.hln.be"
"636473","entrytickets.be"
"636992","werkenbijjessa.be"
"637415","antwerpterminals.be"
"637549","backmarket.be"
"637809","bungalowspecials.be"
"639412","klium.be"
"639637","makeup.be"
"639663","maniet.be"
"639898","msccruises.be"
"640044","newbalance.be"
"640208","oscaro.be"
"642390","secutec.be"
"643424","planetinternet.be"
"643734","juttu.be"
"643923","ringring.be"
"644128","trixonline.be"
"644255","atv.be"
"644374","www.luxevastgoed.be"
"645338","vias.be"
"645674","4gamers.be"
"646436","bingobattle.be"
"646453","all4running.be"
"646626","i-active.be"
"647001","wattedoen.be"
"647014","autoveiligheid.be"
"648996","miinto.be"
"649313","fietsnet.be"
"649605","t.vrt.be"
"649920","searx.be"
"650024","middelkerke.be"
"650172","enseignons.be"
"650385","showbizzsite.be"
"650422","century21.be"
"650617","la-carte.be"
"650966","ciport.be"
"651769","translate.google.be"
"651814","netsoftserver8.be"
"653044","koffiemarkt.be"
"653096","payconiq.be"
"653146","vanhool.be"
"653182","pizzahut.be"
"653656","mijnspar.be"
"653875","treatwell.be"
"654582","rocktv.be"
"654613","abnamroprivatebanking.be"
"654667","fgtb.be"
"655125","watwat.be"
"655334","belrtl.be"
"655392","bcmc-ops.be"
"655606","424soft.be"
"655787","ebonline.be"
"655891","ebu-uer.be"
"655921","chu-brugmann.be"
"655973","april-beauty.be"
"656838","dekust.be"
"657666","club.be"
"657892","voyage-prive.be"
"658827","culture.be"
"658939","manpower.be"
"658944","inflandersfields.be"
"659160","momondo.be"
"659265","ringtwice.be"
"659869","gondola.be"
"659913","sso.roularta.be"
"660496","familygameonline.be"
"660678","ict4you.be"
"661419","wurth.be"
"661689","itdaily.be"
"661940","nezaman.be"
"662235","sso.vrt.be"
"663192","gial.be"
"663473","syntra-ab.be"
"663871","carglass.be"
"664268","layer7.be"
"664573","natagora.be"
"666192","informatsoftware.be"
"666409","vaillant.be"
"668494","satellic.be"
"668623","museabrugge.be"
"668825","prodh.mhtr.be"
"668998","happyfootcare.be"
"669521","km.be"
"669536","sportwereld.be"
"669603","actualitesdroitbelge.be"
"670225","mayerline.be"
"670291","cleardns.be"
"670322","infoweb.be"
"670932","tigron.be"
"671433","wijnvoordeel.be"
"671910","astel.be"
"671946","idloom.be"
"672353","cabanga.be"
"672464","grignoux.be"
"673016","it4pro-server3.be"
"673169","rafc.be"
"674097","kvmechelen.be"
"674270","pv.be"
"675234","buyway.be"
"675587","allekabels.be"
"676166","easycosmetic.be"
"676473","rendez-vous.be"
"677082","rnews.be"
"677138","vanroey.be"
"677667","vanharen.be"
"677831","lazernet.be"
"678444","cbip.be"
"678781","wandelknooppunt.be"
"679224","corilus.be"
"679364","tournai.be"
"679845","parentia.be"
"680561","prod.mhtr.be"
"680692","oudenaarde.be"
"681208","vedia.be"
"681550","maescool.be"
"681625","syntrapxl.be"
"681629","fenb.be"
"681704","aclvb.be"
"682072","visitbrussels.be"
"682581","luca-arts.be"
"683058","chc.be"
"683701","krefel-mail.be"
"684739","statdata.be"
"685046","tracker.addrelevance.be"
"685263","fw4.be"
"685967","wielernieuws.be"
"686059","waregem.be"
"686679","webhero.be"
"687220","zas.be"
"687690","wijnbeurs.be"
"688468","luckygames.be"
"689342","anderlecht.be"
"689832","rubdos.be"
"690879","11.be"
"691124","rieker-shop.be"
"691389","1030.be"
"691431","cloud-communications.be"
"691879","wyre.be"
"691912","unia.be"
"692534","lago.be"
"692744","alimento.be"
"693009","vertbaudet.be"
"693050","tartes.be"
"693293","desingel.be"
"693905","sso.rtl.be"
"694241","jouwpagina.be"
"695092","laatjevaccineren.be"
"695391","mensura.be"
"696613","imap.telenet.be"
"696880","telepro.be"
"697671","azsintjan.be"
"698112","verisure.be"
"698354","polpo.be"
"698452","babylux.be"
"698798","vivalia.be"
"699249","24pharma.be"
"699406","aalst.be"
"699539","systray.be"
"699945","gezinsbond.be"
"699961","collishop.be"
"700262","vivium.be"
"700861","derichebourg-belgium.be"
"702488","pulsehosting.be"
"702815","edited.be"
"703840","radioplus.be"
"704654","mskgent.be"
"705196","resa.be"
"705303","spa-online.be"
"705887","pharmacy-medi-market.be"
"706296","livenude.be"
"706863","callmepower.be"
"707198","debanier.be"
"707864","folderbode.be"
"711210","diddit.be"
"711484","pluxee.be"
"712470","wrongplace.be"
"712583","modpro.be"
"712611","testaankoop.be"
"713337","computerlie.be"
"715025","gamemania.be"
"715336","flagey.be"
"715466","hosting-vps.be"
"716074","credoc.be"
"716437","goldforex.be"
"718135","compufit.be"
"718682","emailtorfs.be"
"720992","oxyboxy.be"
"721571","rhofman.be"
"721612","roeckx.be"
"722047","solidnetworks.be"
"722302","taktik.be"
"723657","consent.google.be"
"723678","ghalan.be"
"724467","commentdressersondragon.be"
"724890","crammed.be"
"724914","webmail.ux.proximus.be"
"724995","w6r.be"
"725025","clubmed.be"
"725750","flixbus.be"
"726288","pidpa.be"
"727036","poppr.be"
"727607","medirect.be"
"727780","mountainbike.be"
"728733","looza.be"
"728932","symex.be"
"729056","login.socialsecurity.be"
"729457","thservices.be"
"729937","services.tochat.be"
"730941","nventive.be"
"731517","rootshell.be"
"732259","belorta.be"
"732566","hypotheekwinkel.be"
"732905","pazzox.be"
"733223","goed.be"
"733629","ralphlauren.be"
"733790","fwo.be"
"733986","space-pro.be"
"734289","smartendr.be"
"734668","www.hollandandbarrett.be"
"734945","gamingcommission.be"
"735151","stripspeciaalzaak.be"
"735838","myserver.be"
"735949","scolares.be"
"736059","allinthebox.be"
"736553","childfocus.be"
"736895","mynameserver.be"
"737256","voetbalvlaanderen.be"
"737678","infrasciensano.be"
"738354","desocialekaart.be"
"739403","marieclaire.be"
"739598","civadis.be"
"739641","europcar.be"
"740314","15gram.be"
"740527","dodona.be"
"740679","infocu.be"
"741190","pong.be"
"741398","login.common.isabel.be"
"741404","vlaanderenkiest.be"
"741779","directrepair.be"
"741830","rentola.be"
"741874","bosch-home.be"
"742142","pharmapets.be"
"742821","large.be"
"742838","duo.be"
"743661","deriv.be"
"743898","solo.be"
"743972","telco.telenet-ops.be"
"744037","roompot.be"
"744138","jaanservers.be"
"744342","epdg.telco.telenet-ops.be"
"744396","lunchgarden.be"
"744885","mariamiddelares.be"
"745465","obelink.be"
"745944","sportoase.be"
"746473","promobutler.be"
"746587","eunet.be"
"746842","rechtbanken-tribunaux.be"
"747394","medipedia.be"
"747849","online.groups.be"
"748422","edc.dknadmin.be"
"748565","myway.be"
"748698","valcosoft.be"
"749002","broekx.be"
"749399","e-mail-top.be"
"750118","vindeentherapeut.be"
"750666","abbviegrants.be"
"750815","unicloud.edc.dknadmin.be"
"750838","prod.unicloud.edc.dknadmin.be"
"752163","kava.be"
"752225","medpets.be"
"753890","mini.be"
"754011","bingoal.be"
"754866","fonq.be"
"754989","mya-agenda.be"
"755084","sunu.be"
"755348","azgroeninge.be"
"755871","lampen24.be"
"756010","multimedium.be"
"756367","colora.be"
"756406","www.ejustice.just.fgov.be"
"756464","otheo.be"
"756680","www.acerta.be"
"757249","petitpapanoel.be"
"757975","mydkv.be"
"758287","acv-csc.be"
"758334","nn.be"
"758458","www.digikey.be"
"758826","expertpagina.be"
"759002","jack-wolfskin.be"
"760407","deals.be"
"760431","forest-national.be"
"760826","bloovi.be"
"761068","energuide.be"
"761638","openingsurengids.be"
"761661","start.exactonline.be"
"761826","hotelspecials.be"
"762111","centralepneus.be"
"762125","suzuki.be"
"762471","coda-cerva.be"
"763854","wanda.be"
"765246","santanderconsumerbank.be"
"765542","cmp-sp.vrt.be"
"765975","eg.be"
"766387","debameubelen.be"
"766519","werkgevers.vdab.be"
"766802","trendstop.knack.be"
"767137","vvsg.be"
"767387","mega.be"
"767647","becpas.be"
"767829","muztu.be"
"768021","www.drawnames.be"
"768156","maartenbaert.be"
"768716","ictjob.be"
"770556","startx.be"
"771919","rubenshuis.be"
"772077","opel.be"
"772330","todayinliege.be"
"774115","fls-eu.amazon.com.be"
"774173","nsi-sa.be"
"774315","belnames.be"
"774497","azstlucas.be"
"774861","lm-ml.be"
"775467","reseausantewallon.be"
"775678","www.livios.be"
"776039","lab9.be"
"777013","static.mhtr.be"
"777149","www.verkeerscentrum.be"
"777315","aviq.be"
"777448","bwincasino.be"
"777615","acco.be"
"778092","spa.be"
"778227","orbid.be"
"778399","www.keytradebank.be"
"778841","www.bitdefender.be"
"778934","gigatek.be"
"779312","weha.be"
"779709","trovit.be"
"779986","voetbalshop.be"
"780244","winparts.be"
"780370","ogs.google.be"
"780791","dille-kamille.be"
"780819","player.vrt.be"
"781472","linkoverzicht.be"
"781924","fixami.be"
"782501","www.liantis.be"
"782595","despil.be"
"782610","druglijn.be"
"783247","yoursurprise.be"
"783302","oblak.be"
"783677","cancer.be"
"783858","foto.hema.be"
"784167","mim.be"
"784230","nha.be"
"784908","goldenpalacesports.be"
"785420","gymfed.be"
"786439","eservices.minfin.fgov.be"
"787418","technopolis.be"
"787753","bandenleader.be"
"787898","lampenlicht.be"
"787904","olvz.be"
"788397","directlease.be"
"788628","pakske.be"
"789002","www.clint.be"
"789879","europ-assistance.be"
"790182","jobpol.be"
"790426","job.jobat.be"
"790441","lycamobile.be"
"790478","www.sdworx.be"
"791390","madeinasia.be"
"791860","goedbegin.be"
"792100","media-services-public.vrt.be"
"792169","www.bruzz.be"
"792703","rtc.be"
"793217","hallmark.be"
"793555","i-run.be"
"793648","startpagina.be"
"794218","skechers.be"
"794316","smulderstextiel.be"
"794402","syntra-mvl.be"
"794437","landrover.be"
"794808","guide-epargne.be"
"795136","www.bmw.be"
"796514","acom.be"
"797123","ophidian.be"
"797189","img.standaard.be"
"797407","betcenter.be"
"797702","lsbit.be"
"798405","lesengages.be"
"798475","static.nieuwsblad.be"
"798572","omnidns.be"
"799356","becharge.be"
"799422","bingoalsport.be"
"799594","casinoladbrokes.be"
"799642","chatbabe.be"
"799691","circus-sport.be"
"800023","e-notariaat.be"
"800804","ivago.be"
"801131","lernova.be"
"801551","myxtra.be"
"801650","nudevista.be"
"801800","parship.be"
"801966","printabout.be"
"803092","workingfor.be"
"803225","zelfbouwmarkt.be"
"804057","www.airbnb.be"
"804066","werk.belgie.be"
"804325","hostbots.be"
"805054","a.medialaancdn.be"
"805783","suprabazar.be"
"805911","hopper.be"
"806583","fiat.be"
"806700","printdeal.be"
"806826","babangida.be"
"806951","businessdashboard.kbc.be"
"807338","valley.hln.be"
"807415","dev-vlaanderen.be"
"807729","www.wittegids.be"
"808465","journal.lesoir.be"
"808804","cgslb.be"
"809299","oldtimerweb.be"
"809422","cinematek.be"
"809633","kbctouch.kbc.be"
"810286","banan.be"
"810638","famiflora.be"
"810688","mycrelan.crelan.be"
"811613","banksyspp.be"
"812162","mydnsserver.be"
"812674","rtlinfo.be"
"812920","visitleuven.be"
"813139","interhome.be"
"814161","bemini.be"
"815184","www.hetacv.be"
"815676","kazou.be"
"816035","www.iciparisxl.be"
"817170","diekeure.be"
"817236","bipt.be"
"817446","staatsbladmonitor.be"
"817800","routenet.be"
"817951","fmsb.be"
"818965","wolterskluwer.be"
"819073","pabo.be"
"819094","bioplanet.be"
"819165","sodexo4you.be"
"819506","loeters.be"
"819519","floralux.be"
"820252","heytelecom.be"
"820544","discountoffice.be"
"821135","weekendesk.be"
"821481","easytoys.be"
"821923","rubberduck.be"
"822118","ostbelgiendirekt.be"
"822129","rubikscu.be"
"822224","salonhabitat.be"
"822676","interactief.vrt.be"
"823196","www.securex.be"
"823197","astronomie.be"
"823397","ntp.prod.unicloud.edc.dknadmin.be"
"823947","sintbernardus.be"
"825079","turnhout.be"
"825416","rstatic.be"
"826093","inuits.be"
"827372","pro-serve.be"
"828255","apstudent.be"
"828402","landal.be"
"828645","dacia.be"
"829027","boysbitte.be"
"829423","perceval.be"
"829908","sillonbelge.be"
"830063","vlaamswoningfonds.be"
"830482","pc-partner.be"
"830643","zanzu.be"
"831331","visitwestvlaanderen.be"
"831808","ln24.be"
"832457","markup.nieuwsblad.be"
"832531","paradisio-online.be"
"832650","interactivedesigners.mediahuis.be"
"833307","chuuclnamur.be"
"834968","droitsquotidiens.be"
"834998","fr.airbnb.be"
"837287","vdk.be"
"837955","jemasoft.be"
"838033","blitz.be"
"838210","springkasteelhuren.be"
"838821","dieteren.be"
"838833","regsol.be"
"839493","receptel.be"
"839750","home24.be"
"840250","drankdozijn.be"
"840591","bristolshop.be"
"840777","consilius.be"
"840807","bokrijk.be"
"840843","herbots.be"
"841514","poetsbureau.be"
"841766","toolstation.be"
"842545","superbet.be"
"843240","peeq.be"
"843284","dns-cloud02.be"
"843467","fednot.be"
"843760","openmonumentendag.be"
"843808","noodweer.be"
"843995","agilitas.be"
"844381","natuurhuisje.be"
"844762","asz.be"
"845034","madisoncasino.be"
"845250","tennisdirect.be"
"845497","brekz.be"
"845634","foldercheck.be"
"845659","ghdc.be"
"845896","onlinefact.be"
"848790","www.levif.be"
"848975","heaj.be"
"849381","11ways.be"
"849438","velux.be"
"849716","water-link-jaarverslag.be"
"849920","init3.be"
"850068","accessweb.be"
"850556","nordpresse.be"
"850807","anicura.be"
"851037","telenetgroup.be"
"851699","statbel.fgov.be"
"851848","vestaserver.be"
"852512","avant.smartschool.be"
"853133","museumplantinmoretus.be"
"853142","marche.be"
"853271","itek-webwinkel.be"
"853710","federale.be"
"854195","irail.be"
"855435","dezondag.be"
"855719","luxembourg.be"
"856449","saxoinvestor.be"
"856718","ngi.be"
"857101","unagi.amazon.com.be"
"857908","bmwpremiumselection.be"
"858612","trevi.be"
"858781","pvda.be"
"858985","multibazar.be"
"859021","prijsvrij.be"
"859027","radio-belgie.be"
"861310","www.manutan.be"
"862640","cookie.vrt.be"
"862926","toerismevlaanderen.be"
"863442","vrtnws-web-bff.vrt.be"
"865835","drukland.be"
"866215","www.rva.be"
"866470","produweb.be"
"866870","pia.be"
"867093","federa.be"
"867413","yapaka.be"
"867494","www.philips.be"
"868774","files.zimmo.be"
"869603","vipleague.be"
"869952","speedpacket.be"
"870717","qu4tre.be"
"871315","iglobe.be"
"871372","max-immo.be"
"871600","www.walibi.be"
"873209","trends.levif.be"
"873708","ecoleenligne.be"
"873743","www.luminus.be"
"874125","images.tijd.be"
"875469","aeronomie.be"
"875475","vind-een-psycholoog.be"
"875761","yourfine.be"
"875993","ovam.be"
"876087","europabank.be"
"876319","login.rossel.be"
"876550","actief.be"
"876734","matexi.be"
"876896","dnsdata.be"
"877161","socure.be"
"877265","consult.cbso.nbb.be"
"877280","breex.be"
"877427","www.abconcerts.be"
"878037","cashconverters.be"
"879447","plein.be"
"879535","rajapack.be"
"879696","foodbag.be"
"879715","snipes.be"
"880021","medischcentrumrotselaar.be"
"880075","jacques.be"
"880364","plantentuinmeise.be"
"880490","ichec.be"
"880649","idp.kaa.sodexo.be"
"881189","ntgent.be"
"881329","www.bouwinfo.be"
"882409","tickers.zimmo.be"
"882633","emploi.belgique.be"
"882942","beatvenues.be"
"883796","circuit-zolder.be"
"883833","vanmossel.be"
"883841","courir.be"
"884624","fincheck.be"
"884638","www.adidas.be"
"885546","ipworks.be"
"885581","cenorm.be"
"885857","capig.stape.be"
"886765","digitalwallonia.be"
"886813","parkos.be"
"886915","ns-1.be"
"888329","provant.be"
"888822","zoomalia.be"
"888891","argentorshop.be"
"888929","carousel.be"
"889301","azklina.be"
"889728","f1journaal.be"
"889778","koningapestaart.be"
"889784","lawcloud.be"
"889825","openinyoutu.be"
"890502","deloox.be"
"890772","probems.be"
"890828","sportsdirect.be"
"891627","fagg-afmps.be"
"891635","musee-magritte-museum.be"
"892256","limburg.be"
"892633","www.expedia.be"
"892880","www.uvcw.be"
"893759","clientvolgsysteem.vdab.be"
"894013","apb.be"
"894235","www.smartschool.be"
"894708","goudwisselkantoor.be"
"894966","prod.chronorace.be"
"895091","www.eldi.be"
"895098","hyundai.be"
"895679","mazda.be"
"896167","www.beobank.be"
"896436","elizawashere.be"
"896956","onenetwork.be"
"896963","idmarket.be"
"897482","enterpriserentacar.be"
"898352","airfrance.be"
"898381","eventplanner.be"
"898700","www.ugc.be"
"898963","scholar.google.be"
"899017","caratow.be"
"899718","jaan.be"
"899887","solvari.be"
"900114","blablacar.be"
"900178","sibelga.be"
"901681","www.cashconverters.be"
"902008","engelbert-strauss.be"
"902035","foodello.be"
"902549","www.libelle.be"
"902844","motocrossmag.be"
"903168","cetelem.be"
"903551","bikerepublic.be"
"903593","cliniquesdeleurope.be"
"904299","petsplace.be"
"905358","cred.be"
"905406","volleyscores.be"
"905714","petit-bateau.be"
"906230","observations.be"
"906318","webmail.scarlet.be"
"906511","geoportail.wallonie.be"
"906980","blue-bike.be"
"907236","genk.be"
"907419","centerparcs.be"
"907576","my-documents.be"
"907903","img.gva.be"
"908110","www.lacsc.be"
"909555","diplomatie.belgium.be"
"909716","www.eg.be"
"909979","harras.be"
"910336","pampers.be"
"910538","new.myedenred.be"
"911169","www.hellofresh.be"
"912116","plusmagazine.be"
"912479","derijkstebelgen.be"
"913058","eigenstart.be"
"913458","www.desco.be"
"913538","antwerpmanagementschool.be"
"913589","bosa.belgium.be"
"913651","apschool.be"
"913943","tadaaz.be"
"914268","febelfin.be"
"914843","sixt.be"
"915984","koksijde.be"
"916749","webking.be"
"916825","lynx.be"
"917153","www.ehealth.fgov.be"
"917658","www.vlaio.be"
"918376","domainexpired.be"
"918573","www.biddit.be"
"918803","mariogames.be"
"918956","borgerhoff-lamberigts.be"
"919107","homebank.argenta.be"
"919177","www.xerius.be"
"919180","www.omoda.be"
"919398","www.postnl.be"
"919591","wice-infra.be"
"919845","www.nbb.be"
"920019","login.prd.telenet.be"
"920447","premier.be"
"920860","burgerprofiel.vlaanderen.be"
"920881","net7.be"
"920960","kmkg-mrah.be"
"921058","wegcode.be"
"921544","selexion.be"
"921876","www.enseignement.be"
"922537","z33.be"
"924013","startje.be"
"924588","ticketswap.be"
"924662","dns7949.be"
"924768","dnscluster.be"
"925098","aibv.be"
"925315","appointment.diplomatie.be"
"925362","auctions.pipa.be"
"925528","canvas.ehb.be"
"926701","medbook.be"
"927130","pyroshop.be"
"927766","wandel.be"
"928064","www.bwincasino.be"
"928168","www.damart.be"
"928375","www.gezondheidenwetenschap.be"
"928444","www.hunkemoller.be"
"928682","www.medbook.be"
"928965","www.pyroshop.be"
"929398","xaco.smartschool.be"
"929804","sogeti.be"
"930652","www.ardennes-etape.be"
"930731","autoworld.be"
"931326","firstrowsports.be"
"931613","toerismevlaamsbrabant.be"
"932163","m2c2.be"
"932213","trendstop.levif.be"
"932392","fs-app.1platform.be"
"932565","trends.be"
"932697","bme.be"
"933259","geeko.lesoir.be"
"933637","www.myway.be"
"934026","www.nl.audi.be"
"934163","www.onem.be"
"934172","werkenvoor.be"
"935339","www.bobex.be"
"936091","visit.gent.be"
"936595","morningstar.be"
"937413","camco.be"
"937557","www.geopunt.be"
"937581","myflexijob.be"
"937899","amazon.be"
"938103","www.aviation24.be"
"938163","www.retaildetail.be"
"938356","ugr.be"
"938805","hetdepot.be"
"939112","backup.mailprotect.be"
"939194","royalantwerpfc.be"
"940230","serso.be"
"940300","bent.be"
"940499","myconsultation.be"
"940627","thefashionstore.be"
"940864","citadelle.be"
"941367","tickoweb.be"
"941773","www.crelan.be"
"941965","bike24.be"
"942824","refurbed.be"
"942968","osyrie.be"
"943123","bergere-de-france.be"
"943204","www.pluxee.be"
"943499","water-link-pensioenfonds.be"
"943616","solyd.be"
"943635","m1ns.be"
"943786","bouwdepot.be"
"944059","railfacilities.be"
"944238","www.goldforex.be"
"944781","vlaanderenvakantieland.be"
"944899","www.trivago.be"
"945048","www.axa.be"
"945290","netstore.rexel.be"
"946027","site.be"
"946116","vooruit.be"
"946427","zonnet.be"
"947111","widgets.burgerprofiel.vlaanderen.be"
"947120","prod.widgets.burgerprofiel.vlaanderen.be"
"947494","secure-gw.be"
"947759","triodos.be"
"948001","secure9.introlution.be"
"948019","tourismewallonie.be"
"948047","okaidi.be"
"948102","bienimmeubles.be"
"948272","travaillerpour.be"
"948332","betfirst.dhnet.be"
"948841","fw-b.be"
"949292","westtoer.be"
"949299","calvinklein.be"
"949356","kaffekapslen.be"
"949399","bakkersonline.be"
"949801","mister-auto.be"
"949868","rondevanvlaanderen.be"
"949892","www.regsol.be"
"950275","www.wielerflits.be"
"950558","comptoirdelor.be"
"950739","www.auto-doc.be"
"951174","www.uitinvlaanderen.be"
"951215","nl.vidaxl.be"
"951565","cyberfusion.be"
"951619","infotec.be"
"951650","wopi1.smartschool.be"
"951701","1ago.be"
"951907","pointculture.be"
"952064","www.volkswagen.be"
"952120","trends.knack.be"
"952169","www.uantwerpen.be"
"953144","wopi2.smartschool.be"
"953741","zdnet.be"
"953843","www.mijnenergie.be"
"954025","vincotte.be"
"954867","booksinbelgium.be"
"955302","jaarrekening.be"
"955590","oria.be"
"956080","yoin.be"
"956433","beterbed.be"
"956677","diatoetsen.be"
"957023","infino.be"
"957350","mybxl.be"
"957425","opinionworld.be"
"957657","seatsandsofas.be"
"957854","trendyfoods.be"
"958003","ygo.be"
"958492","etam.be"
"958824","lesjumelles.be"
"959850","bydauto.be"
"960117","goldenpalacedice.be"
"960274","kramer.be"
"960335","macsys.be"
"960404","monspar.be"
"961140","imagine-it.be"
"961214","www.flows.be"
"961257","www.bax-shop.be"
"961549","business.orange.be"
"961641","www.gaultmillau.be"
"961724","puzzelclub.be"
"961973","prikentik.be"
"962578","abvv.be"
"963583","www.moustique.be"
"964103","attractiv.be"
"964104","sharecom.be"
"964305","vliegtickets.be"
"964555","www.fr.audi.be"
"964949","openjustice.be"
"965294","ecopower.be"
"965464","erasmushogeschool.be"
"965847","www.notaris.be"
"966954","www.lekkervanbijons.be"
"967513","thechocolateline.be"
"967981","clstjean.be"
"968443","exactnet.be"
"968567","belgameubelen.be"
"968632","www.staatsbladmonitor.be"
"970530","dma.be"
"970558","publister.be"
"970585","pe.scoodle.be"
"970764","lapetition.be"
"971069","chrono24.be"
"971477","ecoverservice.be"
"971486","car-pass.be"
"972592","egotbnlabs.be"
"972786","mastodon-belgium.be"
"973016","www.health.belgium.be"
"973065","www.conrad.be"
"973112","starcasinosport.be"
"973144","www.kindengezin.be"
"973150","www.bricozone.be"
"973479","static.jobat.be"
"973592","whirlpool.be"
"974128","www.bruxelles.be"
"974320","www.leenbakker.be"
"974390","www.aclvb.be"
"974431","euroshop.be"
"974677","www.mr-bricolage.be"
"975120","www.notaire.be"
"975124","www.bolero.be"
"975425","mr.be"
"975569","ruru.be"
"975884","qmusic.medialaancdn.be"
"976107","journal.sudinfo.be"
"976122","cerclebrugge.be"
"976150","nl.viamichelin.be"
"976232","www.clstjean.be"
"976272","jouw-mening.be"
"976538","sbat.be"
"977044","vandenborrekitchen.be"
"977063","static1.qmusic.medialaancdn.be"
"977535","ohgreen.be"
"977748","sunnycars.be"
"977838","img.hbvl.be"
"978080","www.visitbruges.be"
"978629","mcm.be"
"979329","syscom.be"
"979366","onderwijs.vlaanderen.be"
"979413","bruxelles-j.be"
"979508","www.nl.fnac.be"
"979945","wandeleninlimburg.be"
"980027","biodiversity.be"
"980362","www.touring.be"
"980434","plateforme.apschool.be"
"980650","www.natuurpunt.be"
"981315","nuus.be"
"982279","www.onderwijskiezer.be"
"982441","www.reisroutes.be"
"982524","skoda.be"
"982899","www.inno.be"
"982945","iamapps.belgium.be"
"982959","trustup.be"
"983243","www.jazzguitar.be"
"983256","www.voo.be"
"983289","www.pathe.be"
"983396","efc.be"
"983514","www.vacancesweb.be"
"984939","pass-education.be"
"985139","webwsp.aps.kuleuven.be"
"985730","vrtnws-api.vrt.be"
"985788","eliott.be"
"985890","imagix.be"
"986022","jobs.belgiantrain.be"
"986323","www.swde.be"
"986691","basisschool-loksbergen.be"
"987025","energieplus-lesite.be"
"987211","visit.antwerpen.be"
"987575","www.solucious.be"
"987784","www.peugeot.be"
"988437","bofrost.be"
"988894","tickets.imagix.be"
"989556","www.eboxenterprise.be"
"989693","justice.belgium.be"
"990306","www.tuinadvies.be"
"990323","www.politie.be"
"990822","www.auto5.be"
"990831","facts.be"
"990906","www.eventbrite.be"
"991009","canon.be"
"991112","data-onderwijs.vlaanderen.be"
"991283","www.wandelknooppunt.be"
"991331","www.goudengids.be"
"991485","loberon.be"
"991544","mobilit.belgium.be"
"991759","dobbit.be"
"991806","www.loberon.be"
"991808","www.groupon.be"
"992306","zelektro.be"
"992380","justitie.belgium.be"
"992422","awel.be"
"992423","uia.ac.be"
"992519","www.zita.be"
"992552","my.eneco.be"
"992800","kalender-365.be"
"993108","webhost.be"
"993237","clientpm.swde.be"
"993293","www.albelli.be"
"993306","belegger.tijd.be"
"993482","lijst.dreambaby.be"
"994224","www.voetbalshop.be"
"994345","www.aeg.be"
"994705","kbdb.be"
"994739","centreantipoisons.be"
"994824","verzekeringen.be"
"995074","espacemode.be"
"995129","www.lesengages.be"
"995150","www.chrono24.be"
"995154","zelfmoord1813.be"
"995274","www.sportpaleis.be"
"995277","dvv.be"
"995296","www.fietsknooppunt.be"
"995750","fed.be"
"995887","kasterlinden.be"
"996107","www.thefork.be"
"996254","x2reg.be"
"996649","solidaris-wallonie.be"
"996984","www.pickx.be"
"997382","www.lampen24.be"
"997569","www.mijnmagazines.be"
"997929","www.kabas.be"
"998006","www.rajapack.be"
"998172","studyrama.be"
"998174","fondationbrel.be"
"998221","juridischforum.be"
"998306","proleague.be"
"998624","www.rtv.be"
"998717","close-up.be"
"998981","www.parentia.be"
"999159","koken.vtm.be"
"999161","eraly.be"
"999283","mitula.be"
"999378","losflippos.be"
"999432","erasme.be"
"999473","equino.be"
"999480","lethas.be"
"999485","moodle.lethas.be"
"999847","www.dille-kamille.be"
"999888","angeleye.be"
"999934","www.dyson.be"
